id,images
42773061,/images/products/42773060/f8zpd.jpg
42865296,/images/products/42865293/nmntl.jpg
39313421,/images/products/39313420/62jns.jpg
39313419,/images/products/39313420/62jns.jpg
39313417,/images/products/39313420/62jns.jpg
68023421,/images/products/68023420/kuge5.jpg
43805169,/images/products/43805170/hrlgu.jpg
48351613,/images/products/48351612/c1biy.jpg
48351614,/images/products/48351612/c1biy.jpg
43808925,/images/products/43808920/0qm2e.jpg
43808921,/images/products/43808920/0qm2e.jpg
43808922,/images/products/43808920/0qm2e.jpg
43808919,/images/products/43808920/0qm2e.jpg
50936607,/images/products/50936606/xlsmu.jpg
61159844,/images/products/61159841/fb9qe.jpg
68023403,/images/products/68023404/83k4b.jpg
69997013,/images/products/69997014/16ftv.jpg
2721457,/images/products/2721449/1.jpg
44069547,/images/products/44069546/zfosz.jpg
70399806,/images/products/70399803/ofguh.jpg
70399805,/images/products/70399803/ofguh.jpg
42620418,/images/products/42620416/9xubf.jpg
64519350,/images/products/64519348/itpuq.jpg
62102391,/images/products/62102388/doeuz.jpg
62102392,/images/products/62102388/doeuz.jpg
62102482,/images/products/62102478/dstpd.jpg
62102479,/images/products/62102478/dstpd.jpg
43086928,/images/products/43086927/2sgtu.jpg
68023413,/images/products/68023412/rahke.jpg
42386470,/images/products/42386471/3qyr1.jpg
43430593,/images/products/43430592/dlulp.jpg
43430594,/images/products/43430592/dlulp.jpg